{
  "产品列表接口" : {
    "transaction" : "产品列表接口",
    "sampleCount" : 100000,
    "errorCount" : 44,
    "errorPct" : 0.044,
    "meanResTime" : 140.0808099999998,
    "medianResTime" : 104.0,
    "minResTime" : 0.0,
    "maxResTime" : 2117.0,
    "pct1ResTime" : 230.0,
    "pct2ResTime" : 309.0,
    "pct3ResTime" : 652.0,
    "throughput" : 1371.7232959767357,
    "receivedKBytesPerSec" : 1859.2725360205966,
    "sentKBytesPerSec" : 241.0750109737864
  },
  "登录接口" : {
    "transaction" : "登录接口",
    "sampleCount" : 100000,
    "errorCount" : 36,
    "errorPct" : 0.036,
    "meanResTime" : 141.9396599999984,
    "medianResTime" : 102.0,
    "minResTime" : 0.0,
    "maxResTime" : 2525.0,
    "pct1ResTime" : 192.0,
    "pct2ResTime" : 300.0,
    "pct3ResTime" : 674.0,
    "throughput" : 1371.4599190838649,
    "receivedKBytesPerSec" : 535.2842886408831,
    "sentKBytesPerSec" : 342.68998469965027
  },
  "Total" : {
    "transaction" : "Total",
    "sampleCount" : 400000,
    "errorCount" : 213,
    "errorPct" : 0.05325,
    "meanResTime" : 141.68944499999992,
    "medianResTime" : 88.0,
    "minResTime" : 0.0,
    "maxResTime" : 2525.0,
    "pct1ResTime" : 221.0,
    "pct2ResTime" : 241.0,
    "pct3ResTime" : 306.0,
    "throughput" : 5485.839676335459,
    "receivedKBytesPerSec" : 3909.934392250394,
    "sentKBytesPerSec" : 1113.8414592333538
  },
  "产品详情接口" : {
    "transaction" : "产品详情接口",
    "sampleCount" : 100000,
    "errorCount" : 47,
    "errorPct" : 0.047,
    "meanResTime" : 143.2289800000007,
    "medianResTime" : 101.0,
    "minResTime" : 0.0,
    "maxResTime" : 2070.0,
    "pct1ResTime" : 208.0,
    "pct2ResTime" : 300.0,
    "pct3ResTime" : 674.9800000000032,
    "throughput" : 1371.478728364923,
    "receivedKBytesPerSec" : 1044.9602737257248,
    "sentKBytesPerSec" : 243.71016282881203
  },
  "产品搜索接口" : {
    "transaction" : "产品搜索接口",
    "sampleCount" : 100000,
    "errorCount" : 86,
    "errorPct" : 0.086,
    "meanResTime" : 141.50833000000117,
    "medianResTime" : 102.0,
    "minResTime" : 0.0,
    "maxResTime" : 2217.0,
    "pct1ResTime" : 210.90000000000146,
    "pct2ResTime" : 299.0,
    "pct3ResTime" : 674.0,
    "throughput" : 1371.478728364923,
    "receivedKBytesPerSec" : 470.7950703268577,
    "sentKBytesPerSec" : 286.41985871197573
  }
}